Tim;Abe
Franz;Brown
Carmen;Wilson
Yara;Sanchez
Marvin;Meyer
Mila;Ikeda
Carmen;Lewis
Jakob;Gonzalez
Andreas;Saito
Klaus;Rivera
Sami;Saito
Carla;Rangel
Anna;Mori
Beatriz;Scott
Peter;Osman
Valentina;Keller
Rafael;Hernandez
Marta;Clark
Zain;Patel
Sara;Jung
Jakob;Walker
Salma;Green
Manuel;Garcia
Zain;Vargas
Elijah;Almeida
Elena;Chavez
Valentina;Rangel
Jose;Hernandez
Tim;Mostafa
Pilar;Sharma
Marvin;Fischer
Zain;Aziz
Lina;Hall
Julio;Chavez
Ben;Okada
Leon;Klein
Elijah;Evans
Fatima;Keller
Hans;Gomez
Mateo;Yoshida
Ravi;Abbas
Zara;Ali
Marvin;Medina
Marta;Koch
Elijah;Nakamura
Klaus;Inoue
Marvin;Walker
Isabella;Sousa
Hans;Baker
Bilal;Hasegawa
Layla;Clark
Hannah;Lopez
Ali;Gomez
Marie;Yoshida
Lina;Carter
Lucia;Jung
Rafael;Bhat
Mila;Martin
Faris;Sato
Luis;Ramos
Mila;Garcia
Hassan;Herrera
Liam;Farouk
Nadia;Khalil
Eva;Ortega
Pablo;Clark
Luis;Paredes
Zain;Yamaguchi
Tim;Martinez
Noah;Ortiz
Tim;Moreau
Emma;Klein
Juan;Hayashi
Alba;Okada
Rami;Montoya
Jakob;Rossi
Anna;Thompson
Leon;Zayed
Clara;Kobayashi
Fatima;Farouk
Mustafa;Habib
Noah;Vazquez
Anna;Mohammed
Sami;Martinez
Mateo;Pereira
Heidi;Ibrahim
Lina;Okada
Ben;Keller
Tim;Santana
Sara;Evans
Marvin;Baker
Lina;Anderson
Julio;Ortega
Ben;Gruber
Zara;Garcia
Alejandro;Fathy
Tariq;Zimmermann
Emilia;Klein
Julio;Smith
Carmen;Ali
Greta;Vieira
Hala;Mohammed
Sebastian;Matsumoto
Manuel;Saito
Omar;Osman
Nour;Brown
Leon;Young
Layla;Dias
Nadia;Lopez
Nina;Gomez
Luis;Lopez
Faris;Marques
Luis;Shin
Sahar;Montoya
Elijah;Carvalho
Yusuf;Hernandez
Bilal;Rivas
Mateo;Ruiz
Clara;Smith
Leon;Mendes
Alejandro;Blanco
Amina;Walker
Leon;Nelson
Emma;Herrera
Marvin;Ferreira
Rami;Garcia
Rafael;Duarte
Alba;Quintero
Fatima;Carvalho
Yusuf;Duarte
Hannah;Sanchez
Juan;Medina
Marie;Hernandez
Rana;Allen
Marie;Wood
Leon;Maeda
Pablo;Davis
Diego;Medina
Anna;Moreau
Peter;Sanchez
Ava;Hussein
Eva;Singh
Rami;Koch
Liam;Mitchell
Rafael;Uchida
Peter;Rangel
Sami;Campbell
Sebastian;Thompson
Marta;Davis
Mila;Anwar
Nour;Keller
Hannah;Uchida
Leila;Moreau
Omar;Gad
Mila;Medina
Nadia;Perez
Rana;Weber
Rafael;Reddy
Carmen;Patel
Amina;Silva
Jakob;Long
Andreas;Santos
Pablo;Mendes
Isabella;Patel
Faris;Blanco
Sami;Hoffman
Elena;Clark
Elijah;Nelson
Juan;Moreau
Layla;Gutierrez
Max;Scott
Jamal;Verma
Amina;Maeda
Amira;Smith
Lara;Nakamura
Sebastian;Dias
Anna;Honda
Alba;Müller
Marta;Santos
Huda;Gruber
Nina;Wilson
Emma;Walker
Carlos;Allen
Tariq;Garcia
Camila;Osman
Lucas;Tariq
Alejandro;Rivera
Marvin;Wang
Hassan;Marques
Elena;Inoue
Rana;Marques
Hala;Medina
Martina;Inoue
Faris;Fischer
Max;Navarro
Alejandro;Sanders
Khaled;Rivas
Ana;Roberts
Huda;Guerrero
Carla;Fischer
Greta;Morales
Jamal;Lewis
Emma;Barbosa
Pilar;Hernandez
Ben;Bhat
Mona;Rojas
Nadia;Tariq
Mila;Müller
Tim;Richter
Leila;Yoshida
Andreas;Mori
Lucia;Nakano
Emilia;Singh
Isabella;Lopez
Ana;Mohammed
Andreas;Koch
Khaled;Ishikawa
Camila;Scott
Noah;Habib
Layla;Long
Pilar;Guerrero
Camila;Tanaka
Emma;Santana
Omar;Perez
Franz;Roberts
Elena;Costa
Olivia;Teixeira
Marta;Hall
Anna;Dias
Lina;Nakano
Omar;Richter
Lucia;Davis
Zara;Adams
Tim;Medina
Elena;Fischer
Camila;Rossi
Amina;Vazquez
Amira;Joshi
Mona;Rossi
Nina;Richter
Pilar;Jimenez
Pablo;Chavez
Aya;Ezzat
Juan;Ito
Jose;Watanabe
Sebastian;Hasegawa
Andreas;Allen
Mila;Joshi
Carla;Yamaguchi
Zara;Cruz
Emilia;Ortega
Salma;Rivera
Angel;Mori
Khaled;Wilson
Clara;Yamamoto
Valentina;Young
Zara;Paredes
Isabella;Moreau
Sami;Takahashi
Emma;Nakamura
Isabella;Martinez
Amira;Blanco
Sophia;Mitchell
Leila;Rivas
Yusuf;Sousa
Leon;Sanchez
Sophia;Habib
Pilar;Scott
Paul;Abe
Amina;Abbas
Jose;Campbell
Elijah;Gomez
Paul;Moreau
Sara;Reddy
Alba;Fernandes
Ahmad;Green
Jamal;Lopez
Diego;Hashimoto
Zain;Rangel
Lucia;Gomez
Eva;Uchida
Amina;Bautista
Franz;Herrera
Leon;Rodriguez
Angel;Barbosa
Aya;Castillo
Nina;Lewis
Bilal;Hashimoto
Jonas;Vieira
Ibrahim;Ogawa
Liam;Gonzalez
Manuel;Fischer
Juan;Nguyen
Marie;Wilson
Nadia;Murphy
Luis;Ruiz
Lucas;Nakamura
Tariq;Honda
Lina;Weber
Tim;Long
Hala;Castro
Mateo;Ortega
Ava;Hoffman
Olivia;Ezzat
Lotte;Koch
Sophia;Vazquez
Leila;Fischer
Hala;Gonzalez
Nadia;Roberts
Sebastian;Jung
Hala;White
Nadia;Kobayashi
Emma;Bautista
Ben;Flores
Diego;Matsumoto
Hannah;Keller
Carmen;Martinez
Isabella;Hussein
Jamal;Mostafa
Rami;Sanchez
Zara;Allen
Elijah;Singh
Leon;Zimmermann
Bilal;Mehta
Marta;Lopez
Jonas;Castillo
Amina;Carter
Sophia;Hoffman
Rami;Ogawa
Ibrahim;Ferreira
Khaled;Evans
Klaus;Klein
Rana;Mehta
Camila;Garcia
Sahar;Matsumoto
Mustafa;Gomez
Klaus;Ferreira
Heidi;Lopez
Martina;Gad
Peter;Habib
Franz;Martinez
Valentina;Ogawa
Salma;Sousa
Mustafa;Navarro
Hassan;Garcia
Nour;Habib
Franz;Hall
Luis;Ortiz
Lotte;Fernandes
Huda;Castillo
Ben;Hussein
Sami;Honda
Lara;Santos
Lina;Bhat
Clara;Robinson
Franz;Shin
Eva;Young
Zain;Santos
Pilar;Campbell
Manuel;Castillo
Omar;Koch
Ahmad;Castro
Rana;Verma
Yusuf;Ali
Alba;Mendes
Hassan;Robinson
Sara;Ali
Elijah;Reyes
Sami;Müller
Pablo;Quintero
Bilal;Fischer
Rana;Tariq
Marie;Santana
Leon;Duarte
Omar;Ogawa
Lotte;Mendes
Tim;Campos
Omar;Salem
Zain;Schneider
Mustafa;Young
Jose;Mitchell
Dalia;Suzuki
Mateo;Jimenez
Bilal;Singh
Emma;Castillo
Pilar;Hall
Sahar;Allen
Leila;Ikeda
Zara;Hidalgo
Greta;Uchida
Mustafa;Lopez
Amira;Suzuki
Carlos;Carvalho
Anna;Hall
Sofia;Blanco
Eva;Fernandes
Nadia;Taylor
Sahar;Valdez
Carlos;Müller
Marie;Jung
Clara;Ferreira
Ben;Farouk
Manuel;Gutierrez
Lucia;Martinez
Nina;Yamaguchi
Mustafa;Sato
Carmen;Yamada
Greta;Castillo
Beatriz;Evans
Anna;Bautista
Juan;Martinez
Liam;Guerrero
Alejandro;Ibrahim
Liam;Espinoza
Layla;Walker
Jonas;Reyes
Greta;Zimmermann
Anna;Brown
Franz;Kumar
Anna;Ali
Eva;Ruiz
Nour;Bhat
Clara;White
Yusuf;Hidalgo
Tim;Morales
Leila;Perez
Sahar;Alvarez
Martina;Uchida
Isabella;Fischer
Emma;Torres
Carla;Carter
Sahar;Reyes
Leila;Khan
Diego;Rojas
Amira;Reddy
Rami;Wang
Tariq;Shin
Bilal;Roberts
Max;Long
Emilia;Medina
Yusuf;Meyer
Marvin;Teixeira
Samir;Herrera
Hassan;Smith
Sara;Johnson
Dalia;Santos
Martina;Duarte
Matthias;Robinson
Nour;Perez
Camila;Herrera
Elijah;Mendes
Carlos;Long
Yusuf;Nelson
Valentina;Ortega
Mila;Klein
Martina;Chavez
Angel;Paredes
Noah;Mehta
Zara;Okada
Jakob;Inoue
Klaus;Evans
Max;Vieira
Zain;Inoue
Lina;Moreau
Anna;Keller
Angel;Hashimoto
Liam;Dias
Paul;Reyes
Marvin;Dias
Leila;Nguyen
Rami;Dias
Eva;Verma
Alba;Mitchell
Carlos;Fathy
Hans;Santana
Carmen;Verma
Olivia;Ikeda
Ahmad;Roberts
Julio;Rivera
Andreas;Hashimoto
Hans;Aziz
Mona;Hayashi
Luis;Osman
Amina;Yamada
Lina;Campbell
Max;Nelson
Matthias;Takahashi
Dalia;Roberts
Jose;Baker
Bilal;Nakamura
Franz;Garcia
Mila;Torres
Jonas;Hall
Amira;Kim
Tariq;Ali
Aya;Yoshida
Jamal;Rangel
Lotte;Ortiz
Liam;Garcia
Pilar;Flores
Mona;Walker
Lucas;Lewis
Carla;Jung
Amina;Miyazaki
Carla;Kapoor
Franz;Jimenez
Pablo;Ikeda
Sofia;Cruz
Valentina;Rivas
Franz;Hidalgo
Yara;Patel
Jose;Takahashi
Ahmad;Silva
Klaus;Nakamura
Greta;Flores
Nina;Davis
Angel;Honda
Isabella;Lewis
Andreas;Fujimoto
Emma;Evans
Marie;Watanabe
Dalia;Hoffman
Jose;Rivera
Olivia;Shin
Lina;Kapoor
Lotte;Castro
Isabella;Nakamura
Sami;Hashimoto
Max;Zayed
Leon;Campos
Tim;Chavez
Max;Perez
Nadia;Mohammed
Ben;Ikeda
Lina;Salem
Hala;Quintero
Zara;Smith
Angel;Brown
Pablo;Sharma
Fatima;Perez
Zara;Morales
Sahar;Young
Marvin;Lewis
Liam;Murphy
Huda;Maeda
Amina;White
Dalia;Meyer
Carla;Adams
Luis;Mehta
Andreas;Ortega
Marvin;Alvarez
Hassan;Kim
Carlos;Hassan
Olivia;Brown
Valentina;Sato
Ibrahim;Robinson
Jamal;Wang
Jakob;Okada
Carlos;Weber
Sahar;Gutierrez
Faris;Hassan
Layla;Richter
Juan;Yoshida
Heidi;Fischer
Jakob;Hasegawa
Amina;Mostafa
Julio;Reddy
Salma;Ali
Carmen;Murphy
Anna;Rivera
Carmen;Fischer
Max;Kapoor
Sofia;Rodriguez
Martina;Hoffman
Ravi;Murphy
Paul;Richter
Peter;Costa
Amira;Patel
Pablo;Costa
Matthias;Garcia
Faris;Zimmermann
Amira;Reyes
Ben;Anwar
Bilal;Ishikawa
Marta;Meyer
Sahar;Tanaka
Sebastian;Graham
Elena;Cruz
Hans;Müller
Ahmad;Smith
Lina;Castillo
Jonas;Lopez
Sophia;Guerrero
Sofia;Santana
Mustafa;Fernandes
Paul;Sanchez
Elena;Aziz
Bilal;Okada
Sophia;Robinson
Jakob;Ogawa
Anna;Fernandes
Carla;Gonzalez
Yara;Okada
Hans;Torres
Angel;Scott
Huda;Aziz
Amina;Baumann
Ava;Honda
Klaus;Richter
Yusuf;Garcia
Dalia;Hashimoto
Matthias;Kelly
Amina;Cruz
Hala;Martin
Jakob;Castillo
Layla;Adams
Sebastian;Ishikawa
Lucas;Garcia
Jamal;Hall
Sahar;Ogawa
Julio;Davis
Layla;Zayed
Amina;Alvarez
Isabella;Ali
Carlos;Schneider
Paul;Ortega
Aya;Bhat
Rami;Keller
Zain;Abbas
Marie;Morales
Omar;Murphy
Sara;Ezzat
Ahmad;Valdez
Ana;Taylor
Jonas;Adams
Isabella;Barbosa
Aya;Guerrero
Alba;Fischer
Jakob;Garcia
Olivia;Reddy
Max;Saito
Emma;Campbell
Alejandro;Patel
Ana;Shin
Valentina;Mendes
Yara;Wang
Pablo;Fathy
Ahmad;Salem
Lara;Honda
Amira;Khan
Lotte;Rodriguez
Ava;Lopez
Sahar;Singh
Rami;Hall
Manuel;Alvarez
Leila;Abe
Tariq;Silva
Alejandro;Ramos
Jakob;Gad
Martina;Jung
Rafael;Santos
Anna;Graham
Bilal;Bhat
Nour;Ortega
Carmen;Carter
Marta;Fujita
Olivia;Mori
Diego;Wilson
Matthias;Bautista
Salma;Ishikawa
Dalia;Sato
Alejandro;Yoshida
Bilal;Marques
Yara;Yamaguchi
Emilia;Ikeda
Sophia;Müller
Angel;Takahashi
Hassan;Weber
Leon;Ito
Hans;Roberts
Carla;Alvarez
Rami;Richter
Ahmad;Fischer
Lucas;Campos
Mona;Honda
Klaus;Sanders
Manuel;Ibrahim
Sophia;Sharma
Rafael;Campbell
Clara;Lewis
Sara;Khalil
Isabella;Davis
Alejandro;Ito
Carmen;Vargas
Luis;Blanco
Liam;Saito
Jamal;Bautista
Rafael;Schmidt
Noah;Hashimoto
Mateo;Gonzalez
Rana;Rivera
Martina;Koch
Pablo;Weber
Lina;Gonzalez
Hannah;Bhat
Elijah;Fischer
Angel;Meyer
Sami;Ishikawa
Yara;Brown
Diego;Schneider
Heidi;Wang
Emilia;Ramos
Luis;Zimmermann
Zara;White
Rafael;Shin
Luis;Vieira
Sara;Hassan
Hannah;Morales
Zara;Rivas
Eva;Dias
Elijah;Martinez
Emma;Weber
Camila;Khalil
Manuel;Vieira
Olivia;Hidalgo
Ahmad;Alvarez
Lina;Sanders
Mona;Mendes
Carmen;Almeida
Martina;Lopez
Marta;Zimmermann
Elena;Ito
Ben;Saito
Jonas;Singh
Tariq;Hidalgo
Sara;Cole
Rafael;Ortega
Paul;Hassan
Zara;Rivera
Noah;Richter
Mateo;Yamaguchi
Matthias;Ogawa
Bilal;Hall
Emilia;Suzuki
Ravi;Smith
Marvin;Takahashi
Elijah;Davis
Dalia;Yamamoto
Tariq;Castillo
Alejandro;Carter
Olivia;Bautista
Hans;Sato
Anna;Duarte
Ben;Ortega
Nina;Nasser
Ana;Yoshida
Emilia;Mehta
Andreas;Wood
Diego;Zimmermann
Alba;Paredes
Juan;Thompson
Leon;Clark
Alba;Schneider
Paul;Fathy
Marie;Valdez
Mustafa;Suzuki
Yusuf;Salem
Franz;Farouk
Matthias;Abe
Elena;Dias
Carlos;Farouk
Ravi;Medina
Hans;Kelly
Aya;Bautista
Carlos;Kumar
Noah;Herrera
Jose;Long
Olivia;Carter
Yusuf;Castro
Ahmad;Ishikawa
Rafael;Ikeda
Marta;Gad
Clara;Hasegawa
Franz;Thompson
Omar;Mehta
Sophia;Schmidt
Lara;Morales
Ravi;Hernandes
Jakob;Nelson
Elena;Vazquez
Elijah;Ibrahim
Julio;Young
Eva;Khalil
Samir;Sousa
Sara;Hussein
Pilar;Campos
Zara;Kobayashi
Sahar;Sousa
Faris;Ishikawa
Hans;Reddy
Juan;Fujita
Emma;Abbas
Ibrahim;Duarte
Rafael;Hidalgo
Lina;Johnson
Paul;Yamamoto
Angel;Santos
Rafael;Rossi
Salma;Mehta
Hala;Perez
Pablo;Schneider
Lara;Joshi
Khaled;White
Martina;Nguyen
Liam;Almeida
Matthias;Carvalho
Lucia;Weber
Ibrahim;Uchida
Khaled;Garcia
Carlos;Yamamoto
Yusuf;Cruz
Jakob;Morales
Hala;Santos
Carlos;Vargas
Lotte;Mohammed
Heidi;Robinson
Rafael;Watanabe
Carla;Ortiz
Aya;Singh
Yara;Schmidt
Marvin;Hussein
Franz;Watanabe
Omar;Costa
Heidi;Mostafa
Nadia;Green
Ibrahim;Dias
Ravi;Schmidt
Jamal;Guerrero
Carlos;Anwar
Khaled;Vieira
Martina;Carter
Carla;Valdez
Noah;Clark
Mona;Santos
Dalia;King
Franz;Kim
Mila;Nakano
Heidi;Abe
Sofia;Carter
Elena;Evans
Manuel;Hayashi
Luis;Bautista
Sebastian;Carter
Marvin;Khalil
Liam;Hernandes
Liam;Pereira
Noah;Martinez
Marta;Vargas
Camila;Graham
Ali;Thompson
Lina;Takahashi
Sophia;Anwar
Fatima;Miyazaki
Salma;Blanco
Zara;Schneider
Alba;Mohammed
Mila;Robinson
Olivia;Kobayashi
Nina;Young
Yara;Tanaka
Mona;Jimenez
Alba;Abe
Amina;Lewis
Noah;Kobayashi
Huda;Martin
Sami;Gonzalez
Klaus;Young
Lina;Mostafa
Juan;Evans
Huda;Perez
Ali;Ruiz
Isabella;Marques
Alejandro;Honda
Mila;Hidalgo
Julio;Inoue
Juan;Gruber
Dalia;Guerrero
Zain;Thompson
Marta;Cruz
Samir;Matsumoto
Marie;Medina
Pablo;Reyes
Ben;Hidalgo
Clara;Castro
Lucia;Ortiz
Manuel;Joshi
Sebastian;Uchida
Paul;Wang
Clara;Mori
Yara;Barbosa
Greta;Müller
Sofia;Hall
Rana;Sharma
Marvin;Sanders
Yara;Kumar
Heidi;Bautista
Marta;Nelson
Zara;Perez
Bilal;Kumar
Paul;Montoya
Lara;Sharma
Noah;Mendes
Nour;Ogawa
Manuel;Santos
Ana;Fujita
Camila;Murphy
Sara;Flores
Zara;Ibrahim
Lotte;Suzuki
Tim;Brown
Franz;Wilson
Carmen;Sanchez
Yara;Meyer
Marvin;Ikeda
Mila;Lewis
Carmen;Gonzalez
Jakob;Saito
Andreas;Rivera
Klaus;Saito
Sami;Rangel
Carla;Mori
Anna;Scott
Beatriz;Osman
Peter;Keller
Rafael;Clark
Marta;Patel
Zain;Jung
Sara;Walker
Jakob;Green
Salma;Garcia
Manuel;Vargas
Zain;Almeida
Elijah;Chavez
Elena;Rangel
Valentina;Hernandez
Jose;Mostafa
Tim;Sharma
Pilar;Fischer
Marvin;Aziz
Zain;Hall
Lina;Chavez
Julio;Okada
Ben;Klein
Leon;Evans
Elijah;Keller
Fatima;Gomez
Hans;Yoshida
Mateo;Abbas
Ravi;Ali
Marvin;Koch
Marta;Nakamura
Elijah;Inoue
Klaus;Walker
Greta;Sousa
Isabella;Baker
Hans;Watanabe
Hans;Hasegawa
Bilal;Clark
Hannah;Gomez
Ali;Yoshida
Marie;Carter
Lina;Jung
Lucia;Bhat
Rafael;Martin
Mila;Sato
Faris;Ramos
Luis;Garcia
Mila;Herrera
Hassan;Farouk
Liam;Khalil
Nadia;Ortega
Eva;Clark
Pablo;Paredes
Luis;Yamaguchi
Tim;Ortiz
Noah;Moreau
Tim;Okada
Isabella;Klein
Emma;Hayashi
Juan;Okada
Alba;Montoya
Rami;Rossi
Jakob;Thompson
Anna;Zayed
Leon;Kobayashi
Fatima;Habib
Mustafa;Vazquez
Noah;Mohammed
Anna;Martinez
Sami;Pereira
Mateo;Ibrahim
Heidi;Okada
Ben;Santana
Tim;Evans
Sara;Baker
Marvin;Anderson
Lina;Reyes
Ben;Garcia
Zara;Fathy
Alejandro;Zimmermann
Tariq;Klein
Emilia;Inoue
Carmen;Vieira
Greta;Mohammed
Hala;Matsumoto
Sebastian;Saito
Manuel;Osman
Omar;Brown
Nour;Young
Leon;Dias
Layla;Lopez
Nadia;Gomez
Nina;Lopez
Luis;Marques
Faris;Ortiz
Luis;Montoya
Sahar;Carvalho
Elijah;Hernandez
Yusuf;Rivas
Bilal;Ruiz
Mateo;Smith
Clara;Hernandes
Marvin;Mendes
Leon;Blanco
Alejandro;Walker
Amina;Nelson
Leon;Herrera
Emma;Ferreira
Marvin;Garcia
Rami;Mori
Paul;Duarte
Rafael;Quintero
Alba;Carvalho
Fatima;Aziz
Andreas;Duarte
Hannah;Medina
Juan;Hernandez
Marie;Allen
Rana;Wood
Marie;Maeda
Leon;Davis
Pablo;Medina
Diego;Moreau
Anna;Sanchez
Peter;Hussein
Eva;Koch
Rami;Mitchell
Liam;Uchida
Rafael;Rangel
Peter;Campbell
Sami;Thompson
Sebastian;Davis
Marta;Anwar
Mila;Keller
Nour;Uchida
Hannah;Moreau
Leila;Gad
Omar;Medina
Mila;Perez
Nadia;Weber
Rana;Reddy
Rafael;Patel
Carmen;Silva
Amina;Long
Andreas;Mendes
Pablo;Patel
Faris;Hoffman
Sami;Clark
Elena;Nelson
Elijah;Moreau
Juan;Gutierrez
Layla;Scott
Max;Verma
Jamal;Maeda
Amina;Smith
Amira;Nakamura
Lara;Navarro
Faris;Dias
Sebastian;Honda
Anna;Müller
Alba;Santos
Marta;Gruber
Huda;Wilson
Nina;Walker
Emma;Allen
Carlos;Garcia
Tariq;Osman
Camila;Tariq
Lucas;Rivera
Alejandro;Wang
Marvin;Marques
Hassan;Inoue
Elena;Marques
Rana;Medina
Hala;Inoue
Faris;Navarro
Max;Uchida
Lucia;Sanders
Alejandro;Rivas
Khaled;Roberts
Ana;Guerrero
Huda;Fischer
Carla;Morales
Greta;Lewis
Jamal;Barbosa
Emma;Hernandez
Pilar;Bhat
Ben;Rojas
Mona;Tariq
Nadia;Carter
Jonas;Müller
Mila;Richter
Tim;Yoshida
Leila;Mori
Andreas;Nakano
Lucia;Singh
Emilia;Lopez
Isabella;Okada
Carla;Mohammed
Ana;Koch
Andreas;Ishikawa
Khaled;Scott
Camila;Habib
Layla;Guerrero
Pilar;Tanaka
Camila;Santana
Emma;Perez
Omar;Roberts
Elena;Teixeira
Olivia;Hall
Marta;Dias
Anna;Nakano
Lina;Richter
Omar;Davis
Lucia;Adams
Zara;Medina
Tim;Fischer
Elena;Rossi
Camila;Vazquez
Amina;Joshi
Amira;Rossi
Mona;Richter
Nina;Rivas
Hannah;Jimenez
Pilar;Chavez
Pablo;Ezzat
Aya;Ito
Juan;Watanabe
Jose;Reddy
Jose;Hasegawa
Sebastian;Allen
Andreas;Joshi
Mila;Yamaguchi
Carla;Cruz
Zara;Ortega
Emilia;Rivera
Salma;Mori
Angel;Wilson
Khaled;Nakamura
Jose;Yamamoto
Clara;Young
Valentina;Paredes
Zara;Moreau
Isabella;Takahashi
Sami;Nakamura
Emma;Martinez
Isabella;Blanco
Amira;Mori
Hala;Mitchell
Sophia;Rivas
Leila;Sousa
Yusuf;Sanchez
Leon;Habib
Sophia;Scott
Pilar;Abe
Paul;Abbas
Jose;Gomez
Elijah;Hoffman
Faris;Moreau
Paul;Reddy
Sara;Honda
Isabella;Fernandes
Alba;Green
Ahmad;Lopez
Jamal;Hashimoto
Diego;Rangel
Zain;Gomez
Lucia;Uchida
Eva;Bautista
Amina;Herrera
Franz;Rossi
Rami;Rodriguez
Leon;Barbosa
Angel;Castillo
Aya;Lewis
Nina;Hashimoto
Bilal;Vieira
Jonas;Ogawa
Ibrahim;Hussein
Yara;Gonzalez
Liam;Fischer
Manuel;Nguyen
Juan;Wilson
Nadia;Ruiz
Luis;Nakamura
Tariq;Weber
Lina;Long
Tim;Castro
Hala;Ortega
Mateo;Hoffman
Ava;Ezzat
Olivia;Koch
Lotte;Vazquez
Sophia;Fischer
Leila;Gonzalez
Hala;Roberts
Nadia;Sharma
Nadia;Jung
Sebastian;White
Hala;Kobayashi
Nadia;Smith
Mateo;Bautista
Emma;Flores
Ben;Matsumoto
Diego;Keller
Hannah;Nguyen
Hannah;Martinez
Carmen;Müller
Jonas;Hussein
Isabella;Mostafa
Jamal;Sanchez
Rami;Allen
Zara;Singh
Elijah;Zimmermann
Leon;Mehta
Bilal;Lopez
Marta;Castillo
Jonas;Carter
Amina;Hoffman
Sophia;Ogawa
Rami;Ferreira
Ibrahim;Evans
Khaled;Klein
Ali;Klein
Klaus;Mehta
Rana;Garcia
Camila;Matsumoto
Sahar;Gomez
Mustafa;Ferreira
Klaus;Lopez
Heidi;Gad
Martina;Habib
Peter;Martinez
Valentina;Sousa
Salma;Navarro
Mustafa;Garcia
Hassan;Habib
Nour;Martin
Noah;Hall
Franz;Ortiz
Luis;Fernandes
Lotte;Castillo
Huda;Hernandes
Huda;Hussein
Ben;Honda
Sami;Santos
Lara;Bhat
Lina;Robinson
Clara;Shin
Franz;Young
Eva;Santos
Zain;Campbell
Pilar;Castillo
Manuel;Koch
Omar;Castro
Ahmad;Verma
Rana;Ali
Yusuf;Mendes
Hassan;Ali
Sara;Reyes
Elijah;Müller
Sami;Quintero
Pablo;Fischer
Carlos;Tariq
Rana;Santana
Marie;Duarte
Leon;Ogawa
Omar;Mendes
Lotte;Campos
Tim;Salem
Omar;Schneider
Zain;Young
Mustafa;Mitchell
Jose;Suzuki
Dalia;Jimenez
Mateo;Singh
Bilal;Castillo
Emma;Hall
Pilar;Allen
Sahar;Ikeda
Leila;Hidalgo
Zara;Uchida
Greta;Lopez
Mustafa;Reddy
Faris;Suzuki
Amira;Carvalho
Carlos;Hall
Anna;Blanco
Eva;Taylor
Nadia;Valdez
Sahar;Müller
Carlos;Jung
Marie;Ferreira
Clara;Farouk
Ben;Gutierrez
Manuel;Martinez
Lucia;Yamaguchi
Nina;Sato
Mustafa;Yamada
Carmen;Castillo
Greta;Evans
Beatriz;Bautista
Anna;Lopez
Greta;Martinez
Liam;Ibrahim
Alejandro;Espinoza
Hannah;Koch
Hannah;Walker
Layla;Reyes
Jonas;Zimmermann
Greta;Yamamoto
Jose;Brown
Anna;Kumar
Franz;Ali
Anna;Ruiz
Eva;Bhat
Nour;Costa
Nour;White
Clara;Hidalgo
Leila;Alvarez
Sahar;Uchida
Martina;Fischer
Isabella;Torres
Emma;Carter
Carla;Reyes
Sahar;Khan
Leila;Rojas
Diego;Reddy
Amira;Wang
Rami;Shin
Tariq;Roberts
Bilal;Long
Max;Medina
Emilia;Fischer
Pilar;Meyer
Yusuf;Teixeira
Marvin;Herrera
Samir;Mitchell
Rami;Uchida
Nour;Smith
Hassan;Johnson
Sara;Santos
Dalia;Duarte
Martina;Robinson
Matthias;Perez
Nour;Herrera
Camila;Mendes
Elijah;Long
Carlos;Nelson
Yusuf;Ortega
Valentina;Klein
Mila;Chavez
Martina;Paredes
Angel;Mehta
Noah;Okada
Zara;Inoue
Jakob;Evans
Klaus;Vieira
Max;Inoue
Zain;Martinez
Eva;Moreau
Lina;Keller
Anna;Hashimoto
Angel;Dias
Liam;Reyes
Paul;Dias
Marvin;Nguyen
Leila;Dias
Rami;Verma
Eva;Mitchell
Carlos;Santana
Hans;Verma
Carmen;Ikeda
Olivia;Roberts
Ahmad;Rivera
Julio;Hashimoto
Andreas;Aziz
Hans;Hayashi
Mona;Osman
Luis;Yamada
Amina;Campbell
Lina;Nelson
Max;Takahashi
Matthias;Roberts
Dalia;Baker
Jose;Nakamura
Bilal;Garcia
Franz;Torres
Mila;Hall
Jonas;Kim
Amira;Ali
Tariq;Yoshida
Aya;Rangel
Jamal;Ortiz
Lotte;Espinoza
Alejandro;Garcia
Liam;Müller
Elena;Flores
Pilar;Walker
Mona;Lewis
Lucas;Jung
Carla;Miyazaki
Amina;Kapoor
Carla;Jimenez
Franz;Ikeda
Pablo;Cruz
Sofia;Rivas
Valentina;Hidalgo
Franz;Patel
Yara;Takahashi
Jose;Campos
Max;Fischer
Juan;Silva
Ahmad;Nakamura
Klaus;Flores
Greta;Davis
Nina;Honda
Angel;Lewis
Isabella;Fujimoto
Andreas;Evans
Emma;Watanabe
Marie;Hoffman
Dalia;Rivera
Jose;Shin
Olivia;Kapoor
Lina;Castro
Lotte;Nakamura
Isabella;Hashimoto
Sami;Zayed
Leon;Chavez
Tim;Perez
Max;Mohammed
Nadia;Ikeda
Ben;Salem
Lina;Quintero
Hala;Mori
Carla;Smith
Zara;Brown
Angel;Sharma
Pablo;Perez
Fatima;Morales
Zara;Young
Sahar;Lewis
Marvin;Murphy
Liam;Maeda
Huda;White
Amina;Meyer
Dalia;Adams
Carla;Mehta
Luis;Ortega
Andreas;Alvarez
Marvin;Kim
Hassan;Hayashi
Emma;Hassan
Carlos;Brown
Valentina;Robinson
Ibrahim;Wang
Jamal;Okada
Jakob;Ali
Amina;Kim
Jonas;Weber
Carlos;Gutierrez
Sahar;Hassan
Faris;Richter
Layla;Yoshida
Juan;Fischer
Heidi;Hasegawa
Jakob;Mostafa
Amina;Reddy
Julio;Ali
Salma;Murphy
Carmen;Rivera
Anna;Fischer
Carmen;Kapoor
Max;Campos
Ahmad;Rodriguez
Sofia;Hoffman
Martina;Murphy
Ravi;Richter
Paul;Costa
Peter;Patel
Amira;Costa
Pablo;Garcia
Matthias;Zimmermann
Faris;Reyes
Amira;Anwar
Ben;Ishikawa
Bilal;Meyer
Marta;Tanaka
Sahar;Graham
Elena;Graham
Sebastian;Cruz
Elena;Müller
Hans;Smith
Ahmad;Castillo
Lina;Lopez
Jonas;Guerrero
Sophia;Santana
Sofia;Fernandes
Mustafa;Sanchez
Paul;Aziz
Elena;Okada
Bilal;Robinson
Sophia;Ortiz
Franz;Ogawa
Jakob;Fernandes
Anna;Gonzalez
Carla;Okada
Yara;Torres
Hans;Scott
Angel;Aziz
Huda;Baumann
Amina;Honda
Ava;Richter
Klaus;Garcia
Yusuf;Hashimoto
Dalia;Kelly
Matthias;Cruz
Amina;Robinson
Martina;Martin
Hala;Castillo
Jakob;Adams
Layla;Ishikawa
Sebastian;Garcia
Lucas;Hall
Jamal;Ogawa
Sahar;Davis
Julio;Zayed
Layla;Gomez
Nadia;Gruber
Nadia;Alvarez
Amina;Ali
Isabella;Schneider
Carlos;Ortega
Paul;Bhat
Aya;Keller
Rami;Abbas
Zain;Morales
Marie;Murphy
Omar;Ezzat
Sara;Valdez
Ahmad;Khalil
Ahmad;Taylor
Ana;Adams
Jonas;Barbosa
Isabella;Guerrero
Aya;Fischer
Alba;Garcia
Jakob;Reddy
Olivia;Saito
Max;Campbell
Emma;Patel
Alejandro;Shin
Ana;Mendes
Valentina;Wang
Yara;Perez
Emma;Fathy
Pablo;Salem
Ahmad;Honda
Lara;Khan
Amira;Rodriguez
Lotte;Lopez
Ava;Singh
Sahar;Hall
Rami;Alvarez
Manuel;Abe
Leila;Silva
Tariq;Ramos
Alejandro;Gad
Jakob;Jung
Martina;Santos
Rafael;Graham
Anna;Bhat
Bilal;Ortega
Nour;Carter
Carmen;Fujita
Marta;Mendes
Marta;Mori
Olivia;Wilson
Diego;Bautista
Matthias;Ishikawa
Salma;Sato
Dalia;Yoshida
Alejandro;Marques
Bilal;Yamaguchi
Yara;Ikeda
Emilia;Müller
Sophia;Takahashi
Angel;Garcia
Alejandro;Weber
Hassan;Ito
Leon;Roberts
Hans;Alvarez
Carla;Richter
Rami;Fischer
Ahmad;Campos
Lucas;Honda
Mona;Sanders
Klaus;Ibrahim
Manuel;Sharma
Sophia;Campbell
Rafael;Lewis
Clara;Khalil
Sara;Davis
Isabella;Inoue
Max;Ito
Alejandro;Vargas
Carmen;Blanco
Luis;Saito
Liam;Bautista
Jamal;Schmidt
Rafael;Hashimoto
Noah;Gonzalez
Mateo;Rivera
Rana;Koch
Martina;Weber
Pablo;Gonzalez
Lina;Torres
Franz;Bhat
Hannah;Fischer
Elijah;Meyer
Angel;Ishikawa
Sami;Brown
Yara;Schneider
Diego;Wang
Isabella;Wang
Heidi;Ramos
Emilia;Zimmermann
Luis;White
Zara;Shin
Rafael;Long
Noah;Vieira
Luis;Hassan
Sara;Morales
Hannah;Rivas
Zara;Dias
Eva;Martinez
Elijah;Weber
Emma;Khalil
Camila;Vieira
Manuel;Hidalgo
Olivia;Alvarez
Ahmad;Sanders
Lina;Mendes
Mona;Almeida
Carmen;Lopez
Martina;Zimmermann
Marta;Ito
Elena;Saito
Ben;Singh
Jonas;Hidalgo
Tariq;Cole
Sara;Ortega
Rafael;Hassan
Paul;Rivera
Zara;Richter
Noah;Yamaguchi
Mateo;Ogawa
Matthias;Hall
Bilal;Suzuki
Emilia;Smith
Ravi;Takahashi
Marvin;Davis
Elijah;Yamamoto
Dalia;Castillo
Tariq;Carter
Alejandro;Bautista
Olivia;Sato
Hans;Duarte
Anna;Ortega
Ben;Nasser
Nina;Yoshida
Ana;Mehta
Emilia;Wood
Andreas;Nasser
Ben;Zimmermann
Diego;Paredes
Alba;Thompson
Juan;Clark
Leon;Schneider
Alba;Fathy
Paul;Valdez
Marie;Suzuki
Mustafa;Salem
Yusuf;Farouk
Franz;Allen
Rami;Abe
Matthias;Dias
Elena;Farouk
Carlos;Medina
Ravi;Kelly
Hans;Garcia
Angel;Bautista
Aya;Kumar
Carlos;Graham
Hannah;Graham
Sahar;Herrera
Noah;Long
Jose;Carter
Olivia;Castro
Yusuf;Ishikawa
Ahmad;Ikeda
Rafael;Gad
Marta;Hasegawa
Clara;Thompson
Franz;Mehta
Omar;Schmidt
Sophia;Morales
Lara;Hernandes
Ravi;Nelson
Jakob;Vazquez
Elena;Martinez
Emma;Ibrahim
Elijah;Young
Amira;Young
Julio;Khalil
Eva;Sousa
Samir;Hussein
Sara;Campos
Pilar;Rivera
Andreas;Kobayashi
Zara;Sousa
Sahar;Ishikawa
Faris;Reddy
Hans;Fujita
Juan;Abbas
Emma;Singh
Mateo;Duarte
Ibrahim;Hidalgo
Rafael;Johnson
Lina;Sousa
Valentina;Yamamoto
Paul;Santos
Angel;Rossi
Rafael;Mehta
Salma;Perez
Hala;Schneider
Pablo;Joshi
Lara;White
Khaled;Nguyen
Martina;Almeida
Liam;Carvalho
Matthias;Torres
Lina;Campos
Jose;Weber
Lucia;Santana
Ben;Müller
Andreas;Brown
Carlos;Uchida
Ibrahim;Garcia
Khaled;Yamamoto
Carlos;Cruz
Yusuf;Morales
Jakob;Santos
Hala;Vargas
Carlos;Mohammed
Lotte;Robinson
Heidi;Watanabe
Rafael;Ortiz
Carla;Singh
Aya;Schmidt
Yara;Hussein
Marvin;Watanabe
Franz;Costa
Omar;Mostafa
Heidi;Green
Nadia;Dias
Ibrahim;Almeida
Zain;Schmidt
Ravi;Guerrero
Jamal;Fischer
Huda;Anwar
Carlos;Vieira
Khaled;Carter
Martina;Valdez
Carla;Clark
Noah;Santos
Mona;King
Dalia;Kim
Franz;Nakano
Mila;Abe
Heidi;Carter
Sofia;Evans
Elena;Hayashi
Manuel;Bautista
Luis;Carter
Sebastian;Khalil
Marvin;Hernandes
Liam;Medina
Hannah;Pereira
Liam;Martinez
Noah;Vargas
Marta;Graham
Camila;Thompson
Ali;Takahashi
Lina;Anwar
Sophia;Miyazaki
Fatima;Blanco
Salma;Schneider
Zara;Mohammed
Alba;Robinson
Mila;Kobayashi
Olivia;Young
Nina;Tanaka
Yara;Jimenez
Mona;Abe
Alba;Lewis
Amina;Kobayashi
Noah;Martin
Huda;Gonzalez
Sami;Young
Klaus;Mostafa
Lina;Evans
Juan;Perez
Huda;Ruiz
Ali;Marques
Isabella;Honda
Alejandro;Hidalgo
Mila;Inoue
Julio;Gruber
Juan;Guerrero
Dalia;Thompson
Zain;Cruz
Marta;Matsumoto
Samir;Medina
Marie;Reyes
Pablo;Hidalgo
Ben;Castro
Clara;Ortiz
Ava;Ortiz
Lucia;Joshi
Manuel;Uchida
Sebastian;Wang
Paul;Mori
Clara;Barbosa
Yara;Müller
Greta;Hall
Sofia;Fischer
Emilia;Sharma
Rana;Sanders
Marvin;Kumar
Yara;Bautista
Heidi;Nelson
Marta;Perez
Zara;Kumar
Bilal;Montoya
Paul;Sharma
Lara;Mendes
Noah;Ogawa
Nour;Santos
Manuel;Fujita
Ana;Murphy
Camila;Flores
Sara;Ibrahim
Zara;Suzuki